Ukuran,Train Acc,Train Loss,Val Acc,Val Loss,Test Acc
64x64,0.89375,0.2765001192688942,0.871875,0.2725929658859968,0.8928205128205129
128x128,0.91875,0.20858670435845852,0.878125,0.25188016816973685,0.8892307692307693
256x256,0.903125,0.2513578496873379,0.825,0.41917823255062103,0.8422222222222222
