Ukuran,Train Acc,Train Loss,Val Acc,Val Loss,Test Acc
64x64,0.89375,0.24063215777277946,0.903125,0.2573168512433767,0.8988034188034189
128x128,0.94375,0.15080651603639122,0.903125,0.21653001494705676,0.9129914529914531
256x256,0.915625,0.22874400280416013,0.9125,0.21925861677154898,0.9155555555555555
