TP,FP,TN,FN,Akurasi
0,158,427,0,0.7299145299145299
28,130,425,2,0.7743589743589744
134,24,405,22,0.9213675213675213
106,52,422,5,0.9025641025641026
88,70,425,2,0.8769230769230769
130,28,418,9,0.9367521367521368
146,12,403,24,0.9384615384615385
144,14,408,19,0.9435897435897436
130,28,418,9,0.9367521367521368
128,30,417,10,0.9316239316239316
