TP,FP,TN,FN,Akurasi
5,153,424,3,0.7333333333333333
14,144,425,2,0.7504273504273504
128,30,407,20,0.9145299145299145
142,16,398,29,0.9230769230769231
144,14,407,20,0.9418803418803419
152,6,378,49,0.905982905982906
124,34,422,5,0.9333333333333333
142,16,411,16,0.9452991452991453
149,9,397,30,0.9333333333333333
151,7,403,24,0.947008547008547
