TP,FP,TN,FN,Akurasi
136,22,296,131,0.7384615384615385
136,22,405,22,0.9247863247863248
81,77,426,1,0.8666666666666667
132,26,423,4,0.9487179487179487
131,27,422,5,0.9452991452991453
134,24,422,5,0.9504273504273504
143,15,408,19,0.9418803418803419
130,28,422,5,0.9435897435897436
151,7,406,21,0.9521367521367521
152,6,400,27,0.9435897435897436
