TP,FP,TN,FN,Akurasi
158,0,20,407,0.30427350427350425
136,22,376,51,0.8752136752136752
135,23,408,19,0.9282051282051282
145,13,396,31,0.9247863247863248
110,48,423,4,0.9111111111111111
139,19,412,15,0.9418803418803419
129,29,419,8,0.9367521367521368
154,4,299,128,0.7743589743589744
137,21,416,11,0.9452991452991453
89,69,426,1,0.8803418803418803
