TP,FP,TN,FN,Akurasi
0,158,427,0,0.7299145299145299
91,67,408,19,0.852991452991453
143,15,376,51,0.8871794871794871
138,20,403,24,0.9247863247863248
147,11,395,32,0.9264957264957265
143,15,403,24,0.9333333333333333
123,35,416,11,0.9213675213675213
123,35,420,7,0.9282051282051282
139,19,406,21,0.9316239316239316
146,12,411,16,0.9521367521367521
