TP,FP,TN,FN,Akurasi
47,111,415,12,0.7897435897435897
128,30,401,26,0.9042735042735043
148,10,389,38,0.9179487179487179
128,30,408,19,0.9162393162393162
141,17,402,25,0.9282051282051282
141,17,402,25,0.9282051282051282
127,31,409,18,0.9162393162393162
132,26,419,8,0.9418803418803419
140,18,412,15,0.9435897435897436
141,17,411,16,0.9435897435897436
